Product ID,Product Position,Price,Competitor's Price,Promotion,Foot Traffic,Consumer Demographics,Product Category,Seasonal,Sales Volume
185102,Aisle,17.07,16.16,No,Medium,Families,Clothing,No,2823
188771,Aisle,17.41,13.13,No,Low,Seniors,Clothing,No,654
180176,End-cap,43.16,38.37,Yes,Medium,Young adults,Electronics,Yes,2220
112917,Aisle,42.26,38.98,Yes,Low,Families,Clothing,Yes,1568
192936,End-cap,47.94,45.59,No,Medium,College students,Clothing,Yes,2942
117590,End-cap,34.5,34.34,No,Medium,Seniors,Clothing,No,2968
189118,Front of Store,41.11,40.15,Yes,High,College students,Clothing,Yes,952
182157,Aisle,15.75,12.3,No,Low,College students,Clothing,No,2421
141861,Aisle,30.07,26.75,Yes,High,Families,Electronics,Yes,1916
137121,Aisle,38,33.38,No,High,Families,Electronics,Yes,656
113143,Aisle,27.42,22.82,Yes,High,College students,Food,Yes,2663
140028,Aisle,12.15,9.39,Yes,High,College students,Food,Yes,1260
134693,Aisle,31.45,28.93,Yes,Low,College students,Food,No,2124
151396,Front of Store,19.81,17.04,Yes,Medium,Families,Food,Yes,729
132889,Aisle,15.74,12.8,Yes,Low,Families,Food,Yes,2265
152174,End-cap,13.16,12.94,No,Medium,Young adults,Clothing,No,2226
129906,Aisle,14.58,14.49,No,Medium,Young adults,Food,No,2089
195879,Front of Store,21.03,18.54,Yes,Medium,Young adults,Food,Yes,2339
155050,Aisle,19.92,14.93,No,High,College students,Clothing,Yes,2321
194410,End-cap,36.2,32.49,No,Low,Young adults,Electronics,No,669
141904,End-cap,27.36,23.03,Yes,Medium,College students,Food,Yes,1712
124981,Front of Store,42.74,40.29,No,Low,Families,Clothing,Yes,1832
161909,Aisle,22.16,20.85,Yes,Medium,Young adults,Electronics,No,1290
129152,End-cap,48.51,47.56,No,Low,Seniors,Electronics,No,2356
183243,Front of Store,39.32,37.12,Yes,Low,Families,Food,No,1524
198248,Front of Store,27.81,23.4,Yes,High,Seniors,Clothing,No,1644
191230,End-cap,49.95,45.65,No,High,Young adults,Clothing,No,966
187234,Front of Store,39.27,35.55,Yes,Low,College students,Clothing,Yes,2575
148888,Front of Store,16.92,14.44,No,Low,Families,Clothing,No,2774
110805,Front of Store,35.91,34.74,Yes,Medium,Young adults,Food,No,2477
179801,Front of Store,46.81,43.04,No,Low,College students,Electronics,Yes,2608
134927,Aisle,6.1,5.37,Yes,High,Families,Electronics,Yes,2252
123150,End-cap,37.03,34.9,Yes,Medium,Seniors,Electronics,No,2074
159145,End-cap,19.01,18.27,Yes,High,Seniors,Electronics,No,2579
172364,Aisle,12.3,10.3,Yes,High,College students,Clothing,No,2931
178281,End-cap,11.64,7.89,No,Low,College students,Electronics,Yes,1145
194339,End-cap,18.2,16.18,No,Low,Seniors,Clothing,No,1792
174412,Aisle,23.93,19.71,No,Low,Young adults,Electronics,Yes,1796
114877,Aisle,21.76,21.09,No,Medium,College students,Clothing,No,1860
140727,End-cap,15.89,12.07,Yes,High,Families,Clothing,Yes,1002
133109,Front of Store,36.13,31.33,No,High,Families,Clothing,Yes,2063
127296,Aisle,34.02,32.31,No,Low,Families,Food,No,1165
133757,Aisle,7.38,3.97,Yes,High,Families,Electronics,No,2071
111760,End-cap,19.3,17.41,No,Low,College students,Clothing,No,1474
198375,End-cap,7.1,6.84,No,Low,Seniors,Clothing,No,2202
168837,Aisle,43.43,38.54,No,Low,Families,Electronics,No,665
138505,Front of Store,46.72,42.48,No,Low,Seniors,Food,No,2478
116228,End-cap,36.32,32.95,Yes,Medium,Families,Clothing,No,647
167592,Front of Store,17.76,16.84,Yes,Medium,Seniors,Food,No,707
133100,End-cap,47.78,43.18,Yes,Medium,Families,Clothing,No,2729
119955,Front of Store,34.12,32.94,No,High,Young adults,Electronics,No,1590
189349,End-cap,45.91,42.91,Yes,Medium,Seniors,Electronics,No,1245
127478,Front of Store,29.3,26.06,No,Low,Young adults,Clothing,Yes,2498
180661,Front of Store,39.96,36.05,No,High,Young adults,Food,Yes,1041
186681,End-cap,39.46,35.1,No,Low,Young adults,Food,Yes,1717
133183,Front of Store,45.07,44.26,Yes,Low,Families,Electronics,Yes,2859
173508,Aisle,13.67,13.18,Yes,High,Families,Food,No,1658
187930,End-cap,19.95,19.19,No,Medium,College students,Electronics,Yes,706
124088,End-cap,48.71,46.44,Yes,High,Young adults,Electronics,Yes,2065
190238,Front of Store,34.67,32.6,No,High,Seniors,Clothing,Yes,1917
151925,End-cap,47.63,42.99,Yes,Medium,Seniors,Food,Yes,2179
163234,Front of Store,12.03,7.97,No,Medium,Young adults,Clothing,No,1633
135610,Aisle,36.04,35.59,Yes,High,College students,Electronics,Yes,1513
117065,Aisle,47.39,47.31,Yes,High,Seniors,Electronics,Yes,758
149315,End-cap,24.71,24.08,Yes,Low,Families,Electronics,No,718
149510,Aisle,36.18,34.02,No,High,Young adults,Clothing,Yes,1412
137990,Aisle,12.01,10.23,No,High,Seniors,Clothing,No,2929
154016,End-cap,46.04,42.05,Yes,High,Seniors,Food,Yes,2366
117751,Aisle,10,5.63,No,Medium,Seniors,Electronics,No,2749
182362,Front of Store,14.1,13.51,No,Low,Families,Electronics,No,2019
117725,Aisle,40.15,35.86,No,Low,Seniors,Food,Yes,1506
145289,End-cap,30.65,30.08,No,High,Families,Clothing,No,1012
173576,End-cap,46.74,46.32,Yes,Medium,College students,Electronics,No,1838
175059,Aisle,19.16,18.62,Yes,High,Seniors,Food,No,2170
199368,Front of Store,31.93,27.22,No,Low,Families,Clothing,Yes,1061
162883,Front of Store,18.3,14.19,Yes,Low,Seniors,Food,No,786
135490,Front of Store,18.72,17.29,No,Medium,Families,Clothing,No,1094
125408,End-cap,21.79,18.92,Yes,High,College students,Clothing,Yes,2220
134763,Front of Store,18.75,17.42,No,Low,College students,Clothing,Yes,2048
143231,Aisle,44.2,42.72,No,Low,Families,Food,No,2578
125409,End-cap,42.55,40.35,Yes,High,College students,Clothing,No,2040
183074,Aisle,34.15,30.46,No,Low,College students,Clothing,No,2791
147947,Aisle,19.24,15.64,Yes,High,Young adults,Clothing,Yes,1249
174171,Front of Store,8.01,5.34,Yes,Medium,Seniors,Food,Yes,2273
183064,Front of Store,19.25,17.13,Yes,Low,Young adults,Electronics,No,1773
177131,Aisle,47.16,43.78,Yes,High,Families,Food,Yes,1733
128179,End-cap,38.75,35.22,Yes,High,Seniors,Electronics,No,2060
152723,Aisle,44.16,42.34,No,High,Seniors,Food,Yes,2849
123824,Aisle,32.35,28.97,Yes,Low,Families,Electronics,No,2277
166345,Aisle,40.77,39.73,No,Low,Seniors,Electronics,Yes,1135
199279,Aisle,18.36,15.23,No,Low,Seniors,Electronics,No,1770
167981,End-cap,37.4,37.29,No,High,College students,Clothing,No,730
146839,Aisle,10.04,7.54,No,Medium,College students,Food,No,1525
187180,Front of Store,47.5,46.74,No,High,Families,Electronics,Yes,647
167640,End-cap,46.56,43.71,Yes,High,Families,Electronics,Yes,1017
165158,Front of Store,40.44,37.89,No,Low,College students,Food,No,1622
111521,Front of Store,31.98,27.82,Yes,High,Seniors,Food,Yes,2553
120228,End-cap,15.92,13.41,No,High,Seniors,Food,No,2347
133078,Aisle,48.34,45.21,No,Low,Families,Clothing,Yes,2535
137598,Aisle,38.21,37.69,No,Medium,Families,Electronics,Yes,2839
138779,Front of Store,44.97,42.24,Yes,Low,Families,Clothing,Yes,2801
198329,Front of Store,19.55,15.77,Yes,Low,Young adults,Electronics,Yes,628
110295,End-cap,13.1,8.47,Yes,Low,Young adults,Electronics,No,1448
196427,Aisle,36.73,31.98,Yes,Low,Families,Electronics,No,1401
110075,Front of Store,42.96,41.45,Yes,Medium,College students,Electronics,Yes,2185
132322,Front of Store,37.74,34.99,Yes,Low,Families,Clothing,No,2135
199631,Front of Store,14.8,14.51,Yes,Medium,Families,Electronics,No,1269
182306,Front of Store,5.93,5.84,No,Medium,Seniors,Food,No,2805
194915,Aisle,23.91,21.1,Yes,Low,Seniors,Food,No,1796
131298,End-cap,41.46,37.69,Yes,Medium,College students,Electronics,No,2133
168571,Aisle,10.78,6.39,No,High,Seniors,Electronics,No,1778
154224,End-cap,22.69,21.79,Yes,Medium,Families,Food,No,2474
171061,Aisle,23.25,22.71,No,Low,College students,Electronics,Yes,2032
119049,Aisle,16.24,11.33,No,Low,Seniors,Clothing,Yes,1659
158781,End-cap,19.91,16.77,Yes,Medium,Young adults,Clothing,Yes,2443
151438,Aisle,5.41,2.73,No,Medium,Seniors,Food,Yes,1137
152871,End-cap,13.39,12.76,No,High,Families,Clothing,Yes,1847
126806,End-cap,40.27,37.16,Yes,High,Young adults,Clothing,Yes,2404
134104,End-cap,23.84,21.61,No,Medium,College students,Electronics,Yes,1466
120266,Front of Store,20.04,16.05,No,High,Families,Electronics,No,2328
173550,End-cap,33,29.46,No,Medium,Families,Electronics,Yes,1431
175927,End-cap,22.25,21.68,No,Medium,Young adults,Clothing,Yes,1506
154278,End-cap,17.07,16.29,No,Medium,Seniors,Clothing,Yes,2749
183537,Front of Store,40.64,36.61,Yes,Low,College students,Electronics,Yes,2434
150424,Front of Store,25.47,25.19,No,Medium,Young adults,Food,Yes,2067
183825,Aisle,42.7,40.51,Yes,Low,Families,Clothing,Yes,2989
144012,Front of Store,33.28,31.57,Yes,Low,Families,Electronics,No,743
147051,Front of Store,31.59,28.91,No,Low,Young adults,Electronics,No,2325
185800,End-cap,24.2,21.33,No,Medium,College students,Electronics,Yes,1841
197524,Aisle,31.52,28.79,Yes,Low,Seniors,Clothing,Yes,2231
148823,Aisle,12.31,8.65,No,Low,Seniors,Clothing,Yes,2211
114550,End-cap,28.13,25.72,No,Low,Young adults,Clothing,No,2114
125398,Aisle,48.12,43.56,Yes,High,College students,Electronics,Yes,1350
123985,End-cap,9.52,6.43,No,High,Seniors,Electronics,No,2240
186638,End-cap,18.78,17.11,Yes,High,College students,Electronics,No,1296
167281,End-cap,19.49,16.8,Yes,High,Families,Electronics,Yes,892
118578,End-cap,9.07,6.59,No,High,Seniors,Clothing,Yes,1678
174041,End-cap,5.06,4.51,No,Medium,Seniors,Electronics,No,2016
127644,Front of Store,36.48,36.14,No,Low,Young adults,Clothing,Yes,1498
132007,Aisle,38.63,35.08,No,Low,Families,Clothing,Yes,2491
147998,Aisle,36.43,34.91,No,Low,Young adults,Clothing,No,2556
176666,Aisle,43.93,41.71,Yes,Low,Families,Food,No,2852
193686,Aisle,25.07,21.6,Yes,Medium,College students,Food,No,1899
163610,Front of Store,39.37,36.12,Yes,High,Families,Food,No,2466
170364,Aisle,7.88,6.55,No,Medium,College students,Food,No,818
167599,Aisle,13.94,11.06,No,Medium,Young adults,Clothing,No,1500
166421,End-cap,44.85,39.96,Yes,High,Young adults,Clothing,No,2878
129247,Front of Store,47.79,45.05,Yes,Low,College students,Electronics,No,2386
127314,End-cap,13.34,11.51,Yes,Medium,Families,Food,Yes,2076
111979,Front of Store,21.28,19.52,No,Medium,Families,Food,No,2734
120354,Aisle,37.15,35.98,Yes,High,Seniors,Food,No,2836
144848,Front of Store,18.58,16.19,No,Medium,College students,Clothing,No,2193
111957,Aisle,37.86,33.73,Yes,High,Seniors,Food,No,2164
160763,Front of Store,20.34,17.62,Yes,High,College students,Electronics,Yes,991
168270,End-cap,37.62,37.33,Yes,Medium,Young adults,Clothing,Yes,1525
195082,Front of Store,16.74,14.22,No,Low,Families,Electronics,No,923
110329,Front of Store,44.11,43.31,No,Low,College students,Clothing,Yes,2397
147449,End-cap,12.89,10.18,No,Low,Families,Electronics,No,1191
193332,Aisle,37.73,36.7,Yes,Low,College students,Electronics,No,1237
146804,Aisle,14.38,11.45,Yes,Medium,Families,Food,No,1504
188909,Aisle,16.99,16.98,Yes,Medium,Seniors,Food,Yes,2863
165910,End-cap,39.26,37.8,Yes,High,College students,Clothing,No,2760
136738,Front of Store,36.52,31.9,No,Low,Seniors,Electronics,Yes,542
144497,End-cap,31.39,28.18,Yes,Low,Young adults,Food,Yes,1105
135036,End-cap,46.1,42.07,Yes,Low,College students,Clothing,No,1435
166331,Aisle,19.28,17.22,Yes,Low,Families,Electronics,Yes,2877
139789,Aisle,6.22,3.38,No,High,Families,Food,Yes,1094
118569,Aisle,40.06,39.41,No,Medium,Young adults,Clothing,Yes,994
155848,End-cap,46.91,46.85,Yes,Medium,Seniors,Electronics,No,1942
152563,Front of Store,42.42,40.6,No,Low,College students,Electronics,Yes,2572
115153,Aisle,30.55,26.84,No,Medium,Families,Electronics,No,1736
125938,Aisle,39.07,37.81,Yes,High,Young adults,Clothing,Yes,1204
122809,End-cap,47.47,43.47,No,High,Young adults,Clothing,Yes,1592
181502,Front of Store,10.83,8.48,Yes,High,Young adults,Electronics,No,2591
182779,End-cap,7.27,4.93,Yes,Low,Young adults,Food,Yes,2097
155674,Front of Store,16.91,14.52,No,Low,Families,Clothing,No,897
182866,Aisle,41.95,40.42,No,High,Seniors,Clothing,Yes,1552
148230,Front of Store,49.98,45.42,Yes,Medium,Young adults,Clothing,No,2494
126979,Front of Store,30.53,30.01,No,High,Seniors,Clothing,No,2141
135521,End-cap,5.38,1.63,No,Medium,Young adults,Electronics,Yes,2835
185809,End-cap,47.3,46.34,No,High,Families,Electronics,No,622
171520,End-cap,30.02,28.02,Yes,Low,Families,Electronics,Yes,2901
122926,End-cap,31.05,27.1,No,Low,Young adults,Food,No,867
150953,Front of Store,48.14,47.6,Yes,Low,Young adults,Food,Yes,2434
115873,End-cap,43.99,39.08,Yes,High,Seniors,Electronics,Yes,2606
115581,Aisle,48.63,46.11,No,Medium,College students,Clothing,Yes,2728
183634,Front of Store,25.95,21.98,Yes,Medium,Seniors,Clothing,Yes,2778
122484,Aisle,21.73,16.98,Yes,High,College students,Food,Yes,558
183574,Aisle,19,14.94,Yes,High,College students,Electronics,Yes,1752
185307,Front of Store,41.4,39.95,No,High,Families,Clothing,Yes,2743
118719,End-cap,31.62,27.6,No,Medium,College students,Food,Yes,1669
134788,Front of Store,36.11,34.17,No,High,College students,Food,No,2179
140142,Front of Store,14.5,13.62,Yes,Medium,Young adults,Food,No,606
153997,End-cap,15.27,14.61,No,High,College students,Electronics,Yes,1608
123230,Aisle,16.59,13.03,No,Medium,Young adults,Clothing,Yes,880
154676,Aisle,26.04,23.26,No,Low,College students,Electronics,No,943
152985,Aisle,6.25,2.86,Yes,Medium,Seniors,Clothing,Yes,1049
175584,Front of Store,10.57,8.54,No,Low,Young adults,Clothing,No,2084
147491,End-cap,20.09,19.82,No,Medium,College students,Clothing,No,1563
198283,End-cap,25.15,20.84,Yes,Medium,Seniors,Food,Yes,1558
141547,End-cap,23.27,19.05,No,High,Families,Food,No,1426
156342,Front of Store,38.94,37.62,Yes,High,Seniors,Food,Yes,1466
186083,End-cap,28.87,28.36,No,Low,Seniors,Food,Yes,624
171776,Aisle,34.06,31.39,Yes,Medium,College students,Food,No,1685
134429,Aisle,40.01,37.93,No,High,Seniors,Food,No,2914
172816,Aisle,14.36,12.26,No,Medium,Seniors,Food,Yes,1524
136272,End-cap,28.47,25.9,No,Low,Young adults,Clothing,Yes,2887
193227,End-cap,40.47,39.26,Yes,Low,Seniors,Electronics,Yes,1778
165786,End-cap,18.03,13.4,No,High,Families,Electronics,Yes,1278
174708,Front of Store,21.75,17.58,No,High,College students,Food,Yes,529
142257,Aisle,21.7,18.91,Yes,Medium,Seniors,Clothing,Yes,1180
126146,Aisle,34.72,32.73,No,High,Seniors,Electronics,No,2759
129134,Aisle,23.29,22.91,No,Medium,College students,Food,Yes,1831
129898,End-cap,10.33,6.98,No,Low,Seniors,Electronics,No,1866
189692,End-cap,14.58,12.26,Yes,Low,College students,Food,No,1553
154846,End-cap,35.78,35.35,Yes,Low,Families,Electronics,No,917
122307,End-cap,32.92,31.62,No,Low,Seniors,Clothing,No,702
182099,Aisle,35.29,31.65,Yes,Low,Families,Food,No,1978
159816,Front of Store,34.76,31.95,No,Medium,College students,Electronics,Yes,1961
165326,Aisle,8.86,3.91,No,Medium,Young adults,Clothing,No,1188
185154,Aisle,24.95,20.84,Yes,High,Young adults,Food,No,996
141330,Aisle,46.1,45.49,No,High,Seniors,Clothing,Yes,1915
158958,End-cap,5.62,2.52,No,High,Young adults,Clothing,No,903
155010,Aisle,45.12,42.21,Yes,Medium,Families,Electronics,Yes,729
135857,Aisle,36.02,34.82,No,Medium,Young adults,Electronics,Yes,2045
147690,Aisle,20.14,16.6,Yes,High,Families,Food,No,881
130321,End-cap,24.71,23.07,Yes,Low,College students,Clothing,No,2093
196752,End-cap,17.3,15.83,No,Medium,College students,Clothing,No,2227
181011,Aisle,8.9,4.06,Yes,High,Seniors,Food,Yes,994
139967,End-cap,28.7,24.82,No,High,College students,Electronics,No,2634
162699,End-cap,49.58,47.36,No,High,Young adults,Electronics,Yes,2732
119044,Aisle,36.67,32.79,No,High,College students,Food,Yes,1140
121348,End-cap,32.06,29,No,High,Seniors,Electronics,Yes,1008
163982,Front of Store,17.2,12.21,No,Medium,Families,Clothing,No,2685
185774,End-cap,7.33,2.63,Yes,High,College students,Clothing,Yes,1145
144651,Aisle,31.45,31.4,Yes,High,Families,Clothing,No,1791
195103,Aisle,41.79,41.5,Yes,High,Families,Food,No,2849
123047,Aisle,9.88,6.03,No,Low,Seniors,Food,Yes,2985
123077,Front of Store,16.27,13.48,No,Medium,Young adults,Electronics,No,1603
171860,Aisle,43.18,39.47,Yes,High,Young adults,Electronics,No,707
149487,Aisle,25.54,20.91,No,High,Families,Clothing,Yes,1258
168516,Front of Store,17.09,14.13,Yes,Medium,College students,Clothing,No,2168
177771,End-cap,37.72,36.32,Yes,Low,Young adults,Electronics,Yes,1764
172015,End-cap,33.93,30.5,Yes,Medium,College students,Electronics,Yes,2622
118985,Aisle,49.12,48.16,No,Medium,Young adults,Clothing,Yes,694
112194,Aisle,14.02,10.78,Yes,High,Young adults,Food,Yes,2187
113435,Aisle,6.72,3.47,No,Low,Seniors,Food,Yes,2973
159182,Front of Store,8.55,4.44,Yes,Medium,Young adults,Electronics,No,1014
199233,Aisle,13.99,13.2,Yes,Low,Families,Clothing,No,2222
137044,Aisle,46.2,45.42,No,Low,Seniors,Electronics,Yes,2534
154736,Front of Store,9.28,7.91,Yes,Medium,Families,Food,Yes,1466
141434,Front of Store,46.6,45.81,No,Low,Families,Clothing,Yes,2870
155659,Aisle,47.38,42.54,Yes,Medium,Seniors,Food,Yes,2654
168643,End-cap,33.26,32.47,No,High,Seniors,Food,No,2166
175357,End-cap,23.04,20.07,No,Medium,Families,Clothing,Yes,867
137530,Front of Store,45.45,41.12,No,Medium,College students,Food,No,1522
153482,Aisle,39.56,36.33,Yes,Low,Young adults,Electronics,No,2969
112593,Aisle,41.98,41.17,No,Medium,Young adults,Food,Yes,2651
110241,End-cap,28.62,27,No,Low,College students,Electronics,No,2353
144970,Front of Store,44.16,40.38,No,High,Families,Food,Yes,1461
114822,Front of Store,17.98,16.78,Yes,Low,Young adults,Electronics,No,1698
153452,Front of Store,34.49,31.14,Yes,Medium,College students,Electronics,Yes,1563
144264,End-cap,14.56,11.4,Yes,Low,Families,Electronics,Yes,2516
128749,Front of Store,44.71,42.78,Yes,Medium,Seniors,Food,No,1061
147955,End-cap,19.47,14.6,No,Medium,College students,Food,Yes,1898
142210,Front of Store,42.69,38.51,Yes,High,Families,Clothing,No,1959
110696,Aisle,33.2,32.63,No,High,Families,Clothing,No,2630
111826,Front of Store,29.04,27.7,No,Low,Seniors,Food,No,1926
118116,End-cap,38.6,38.23,No,Medium,Young adults,Clothing,No,1857
152727,Front of Store,15.44,13.43,No,Low,College students,Clothing,Yes,1383
198291,Front of Store,21.52,19.8,Yes,Medium,Seniors,Food,No,2475
136227,End-cap,18.39,13.66,No,Medium,College students,Clothing,Yes,2452
144031,End-cap,19.87,19.74,No,High,Families,Electronics,Yes,1470
198924,End-cap,22.87,19.29,Yes,High,College students,Clothing,Yes,776
187922,Front of Store,17.82,17.31,No,Medium,Families,Clothing,Yes,1688
168448,End-cap,44.19,40.88,Yes,Medium,College students,Food,Yes,2926
192111,Aisle,20.88,17.54,No,Low,Seniors,Electronics,No,737
185466,Aisle,14.83,14.72,No,High,Families,Electronics,No,509
174277,End-cap,20.76,20.72,No,Medium,Young adults,Food,Yes,2343
158519,Aisle,16.41,11.61,Yes,Low,Families,Electronics,No,1986
178624,Front of Store,23.22,20.6,No,Medium,Young adults,Food,No,1821
123728,Aisle,11.53,9.07,Yes,High,Seniors,Electronics,No,2669
197954,Aisle,27.06,22.66,Yes,Low,College students,Food,No,2391
133328,Front of Store,16.63,12.63,No,Medium,Young adults,Food,Yes,1241
145345,End-cap,37.29,36.95,Yes,High,Young adults,Clothing,No,869
116054,Front of Store,43.59,39.42,No,Medium,College students,Electronics,Yes,2931
173141,Front of Store,16.63,15.78,Yes,Medium,Families,Electronics,Yes,1721
178180,Aisle,25.99,24.45,Yes,Medium,College students,Electronics,No,581
129418,End-cap,20.06,16.58,No,Medium,College students,Clothing,Yes,707
188708,Front of Store,26.67,25.1,Yes,Medium,Young adults,Food,Yes,666
132833,Aisle,31.79,28.82,Yes,Medium,College students,Electronics,No,642
146914,Front of Store,41.24,36.64,No,Low,Seniors,Electronics,No,2745
113624,Front of Store,47.84,44.86,No,Medium,Families,Food,No,2478
180250,Front of Store,12.65,12.61,No,Low,Families,Food,Yes,2906
137287,Aisle,46.2,45.85,Yes,High,Families,Food,Yes,611
150836,End-cap,34.97,31.08,No,High,Young adults,Food,Yes,734
151474,End-cap,29.23,26.88,Yes,High,Families,Clothing,Yes,2366
119803,End-cap,43.26,40.82,No,Low,College students,Food,Yes,1580
115986,Front of Store,10.16,6.72,Yes,Medium,Seniors,Electronics,Yes,1971
181896,Front of Store,10.82,6.8,No,Low,Families,Food,Yes,582
115036,End-cap,45.34,41.26,Yes,Low,Young adults,Food,No,961
179683,End-cap,5.58,3.41,Yes,Medium,Families,Clothing,Yes,1847
151421,Front of Store,26.86,22.38,No,Low,Seniors,Food,Yes,1716
169867,End-cap,35.27,33.42,No,Low,Seniors,Electronics,No,1095
191946,Aisle,8.84,8.82,No,Medium,Young adults,Electronics,Yes,1507
165630,Front of Store,36.42,31.86,Yes,Medium,Young adults,Food,No,2381
173122,Front of Store,15.04,10.96,Yes,High,Families,Electronics,Yes,1299
137617,End-cap,46.48,43.92,No,Medium,Young adults,Electronics,Yes,931
181415,Aisle,44,42.4,No,Medium,Families,Food,Yes,2179
141652,End-cap,12.79,11.24,No,High,Young adults,Food,Yes,1634
161479,End-cap,25.99,23.59,Yes,Medium,Seniors,Food,No,1381
152924,End-cap,19.26,15.59,Yes,High,Families,Clothing,No,845
176510,End-cap,46.46,43.44,No,Medium,Seniors,Food,No,2075
156390,End-cap,30.51,25.84,No,Medium,College students,Food,No,2962
177033,Aisle,5.08,3.54,No,Medium,Young adults,Clothing,No,660
133753,Front of Store,30.11,26.52,Yes,Medium,Young adults,Electronics,Yes,1418
165841,Aisle,35.69,31.05,Yes,High,Seniors,Food,Yes,2058
183061,End-cap,33.67,30.14,No,High,College students,Clothing,No,2678
125175,Front of Store,43.43,41.7,No,Low,Seniors,Electronics,No,1212
115464,Aisle,31.14,28.57,No,Medium,College students,Food,No,1001
117231,End-cap,47.65,46.81,No,High,Young adults,Food,No,818
154948,End-cap,35.18,34.52,Yes,Medium,Families,Food,Yes,1549
197375,Aisle,17.24,16.93,No,Medium,Seniors,Electronics,No,1135
191131,Front of Store,17.29,12.32,No,Low,Seniors,Food,Yes,1833
131682,Aisle,41.89,38.32,Yes,Medium,Seniors,Food,Yes,2618
196276,End-cap,32.26,32.14,No,Medium,Young adults,Electronics,No,1046
190412,Aisle,7.35,4.09,Yes,Medium,Young adults,Electronics,Yes,2656
149903,End-cap,38.17,36.06,Yes,High,Families,Clothing,Yes,2673
189131,Aisle,19.12,16.5,Yes,Low,College students,Food,No,2424
148327,Front of Store,31.77,30.3,Yes,Low,Young adults,Electronics,Yes,1717
189088,Aisle,15.93,14.41,No,Low,Seniors,Electronics,Yes,2116
143305,Aisle,13.33,11.8,No,Medium,Seniors,Food,Yes,2880
180943,Front of Store,17.48,13.88,No,High,College students,Clothing,Yes,2734
152059,Front of Store,17.05,12.61,No,High,Seniors,Clothing,No,1091
133691,Aisle,49.8,48.64,No,High,Families,Electronics,No,2919
161644,End-cap,28.16,23.86,No,High,Young adults,Food,Yes,1145
132643,Aisle,44.21,43.36,No,High,Families,Food,Yes,566
162317,End-cap,21.33,18.04,No,Medium,Young adults,Food,Yes,2517
128592,Front of Store,11.29,10.38,No,Medium,Young adults,Food,No,1086
192892,Front of Store,35.43,33.8,Yes,High,Young adults,Food,Yes,2623
197147,Front of Store,44.35,44.32,No,Medium,Families,Food,No,2205
130871,Front of Store,13.89,10.9,No,Low,College students,Food,Yes,707
184314,Aisle,29.6,25.68,No,Low,Young adults,Clothing,No,2689
131922,Front of Store,40.96,37.77,Yes,Low,College students,Electronics,Yes,1544
130546,End-cap,41.34,38.01,Yes,Medium,Families,Food,Yes,2776
167541,End-cap,20.15,15.96,Yes,Medium,Seniors,Clothing,Yes,2054
165128,Front of Store,5.8,2.21,Yes,Medium,Families,Food,No,1242
126255,Front of Store,23.1,22.97,Yes,Low,Seniors,Electronics,Yes,1195
176976,End-cap,41.72,41.7,No,Low,Seniors,Clothing,Yes,2825
185599,Aisle,24.04,19.71,No,Low,Seniors,Food,No,2656
167273,End-cap,5.55,3.4,No,Medium,Families,Food,No,1598
189296,End-cap,39,34.9,Yes,High,Families,Clothing,No,1452
125082,End-cap,29.75,28.24,No,Low,College students,Electronics,No,1446
116920,Aisle,32.25,29.15,Yes,High,Seniors,Clothing,No,1634
111320,End-cap,44.51,43.38,No,Medium,Seniors,Clothing,Yes,1098
172247,End-cap,11.85,11,No,Medium,Families,Clothing,No,867
143462,End-cap,33.11,29.2,No,High,Seniors,Food,No,2329
125637,Front of Store,24.67,21.83,No,Low,Seniors,Clothing,Yes,1797
115827,End-cap,8.9,5.4,Yes,Medium,Families,Clothing,Yes,2636
183225,End-cap,37.72,37.14,Yes,Low,Young adults,Food,No,2659
133283,Aisle,30.44,28.74,Yes,High,Young adults,Electronics,No,1937
164389,Front of Store,23.18,19.44,No,Low,Families,Electronics,Yes,946
163108,Aisle,9.48,8.56,No,Low,Seniors,Clothing,Yes,2015
160121,Aisle,45.89,42.27,Yes,Medium,Young adults,Food,Yes,1826
141116,Front of Store,13.57,13.42,Yes,Low,College students,Clothing,Yes,2175
157901,End-cap,44.95,44.81,Yes,High,Seniors,Clothing,No,2429
165017,Aisle,29.79,28.21,Yes,Medium,Seniors,Food,Yes,2257
165689,End-cap,41.01,39.78,No,Medium,Families,Food,No,696
172370,End-cap,49.94,48.76,No,High,Young adults,Food,No,1789
149539,End-cap,6.23,4.53,No,Medium,Seniors,Electronics,No,2203
149127,Front of Store,46.45,45.65,No,High,Young adults,Food,No,2727
199887,Front of Store,29.76,29.19,No,High,Seniors,Food,Yes,1109
166103,End-cap,21.8,21.43,Yes,Low,Young adults,Clothing,Yes,2428
144850,Front of Store,25.49,24.92,No,Medium,Seniors,Food,No,2190
139746,Aisle,14.04,11.23,Yes,High,Young adults,Food,Yes,699
177685,Aisle,29.68,28.94,No,Low,Young adults,Food,No,2204
166728,Aisle,25.92,23.68,Yes,High,College students,Electronics,No,542
116065,Front of Store,36.88,35.72,Yes,Medium,Seniors,Food,Yes,2912
110033,Front of Store,40.15,39.38,Yes,Low,Families,Electronics,Yes,1998
164617,Front of Store,41.6,38.19,Yes,High,Seniors,Electronics,No,577
112314,Aisle,42.47,41.94,Yes,Low,College students,Electronics,No,1370
130671,End-cap,35.95,31.23,Yes,Low,Seniors,Electronics,No,2432
176094,End-cap,32.37,28.91,Yes,High,Families,Electronics,No,1506
133227,Front of Store,13.73,10.09,Yes,High,Seniors,Food,Yes,1911
170530,Aisle,34.86,33.16,Yes,High,College students,Food,Yes,880
195782,Front of Store,22.2,18.07,No,Medium,Seniors,Clothing,No,2748
113054,End-cap,32.09,28.27,Yes,Medium,Young adults,Food,No,1705
198313,Aisle,33.95,33.43,No,Medium,Families,Food,Yes,1298
158628,End-cap,22.29,17.88,Yes,High,Seniors,Clothing,Yes,708
154165,Aisle,30.33,30.04,No,High,Seniors,Electronics,Yes,1887
122473,Aisle,32.2,31.52,No,Medium,Seniors,Clothing,Yes,1604
150408,End-cap,31.86,27.95,Yes,Low,College students,Food,Yes,1603
178253,Aisle,13.82,9.57,No,Low,College students,Clothing,Yes,2609
182211,End-cap,6.38,5.8,No,Medium,Families,Clothing,Yes,1956
157396,Front of Store,7.24,4.3,Yes,High,College students,Clothing,No,1929
152736,Aisle,6.99,4.25,Yes,Low,Seniors,Electronics,No,570
168051,Aisle,13.03,9.96,No,High,Young adults,Electronics,Yes,1680
119648,Aisle,31.46,28.87,No,Medium,College students,Clothing,No,2356
130206,Aisle,37.16,32.19,Yes,Low,College students,Electronics,No,2510
153501,Aisle,29.56,29.41,Yes,Medium,Families,Clothing,Yes,1103
196059,Aisle,43.14,38.22,No,High,Seniors,Clothing,No,1692
153655,Aisle,6.98,3.65,Yes,Low,Young adults,Clothing,No,2949
191803,Front of Store,22.04,18.39,Yes,Medium,Young adults,Electronics,Yes,1956
145992,Front of Store,5.25,4.12,Yes,Low,College students,Electronics,No,1519
118967,End-cap,7.93,4.75,Yes,High,Young adults,Electronics,No,777
125062,End-cap,45.23,43.36,No,High,College students,Food,No,768
165448,End-cap,46.61,41.87,Yes,High,Families,Clothing,Yes,1294
160827,End-cap,25.91,21.37,No,Low,Seniors,Electronics,Yes,2555
125378,Aisle,23.53,22.66,Yes,Medium,Young adults,Electronics,No,1770
185547,Aisle,33.88,32.2,Yes,High,College students,Food,Yes,2933
191475,Aisle,29.88,26.09,No,High,Seniors,Clothing,No,1808
193605,Front of Store,5.18,1.25,No,Medium,Families,Electronics,Yes,960
193179,Front of Store,29.65,25.39,Yes,Low,Young adults,Electronics,Yes,2593
131808,Front of Store,5.49,3.93,Yes,Medium,Young adults,Electronics,No,2071
134615,End-cap,46.83,43.95,No,High,Young adults,Electronics,Yes,2441
142414,Aisle,47.21,43.5,Yes,High,Young adults,Clothing,No,2683
152245,Aisle,30.79,28.5,No,High,Families,Clothing,No,1105
186093,End-cap,42.17,41.97,No,High,College students,Clothing,Yes,1697
123603,Aisle,23.26,19.02,Yes,High,Seniors,Electronics,No,2963
178518,Front of Store,38.84,37.74,No,High,Families,Clothing,No,2200
185924,Front of Store,5.84,1.86,Yes,High,College students,Electronics,No,2840
161426,End-cap,44.13,43.27,No,Low,Seniors,Food,No,1739
179528,End-cap,40.14,36.2,No,Low,College students,Clothing,No,2999
152881,Front of Store,27.34,22.81,Yes,Low,Seniors,Electronics,No,2971
158853,Aisle,46.23,41.51,Yes,Low,College students,Food,No,793
186138,Aisle,33.23,30.17,No,Low,Young adults,Electronics,Yes,2641
183223,Aisle,27.65,27.47,Yes,High,Young adults,Food,Yes,1171
113169,Aisle,22.42,20.12,Yes,Low,Seniors,Clothing,No,2971
138256,Front of Store,30.63,26.41,Yes,High,College students,Food,No,2188
115815,End-cap,29.87,25.64,Yes,High,Seniors,Food,Yes,1287
162665,Aisle,27.54,27.44,Yes,Medium,Young adults,Electronics,Yes,1946
135610,End-cap,6.2,4.47,No,High,College students,Electronics,Yes,1989
164361,Aisle,11.57,8.19,Yes,High,Families,Clothing,Yes,1557
112551,Front of Store,12.44,9.74,No,Low,Families,Clothing,No,1060
184922,Aisle,49.7,47.27,Yes,Medium,College students,Electronics,Yes,2461
159197,Front of Store,36.55,31.66,Yes,High,Young adults,Food,Yes,2745
162972,Front of Store,25.44,21.24,Yes,Medium,Seniors,Food,Yes,1802
194018,Front of Store,27.67,22.78,Yes,High,Seniors,Electronics,No,1024
128043,Aisle,11,6.91,Yes,High,Young adults,Clothing,No,667
194508,Front of Store,11.03,10.21,No,Medium,College students,Clothing,Yes,2691
125010,Front of Store,30.97,26.4,Yes,Low,College students,Clothing,No,533
157494,Aisle,21.68,19.1,Yes,Low,Seniors,Electronics,Yes,1410
195774,End-cap,47.46,42.76,No,Low,Young adults,Clothing,No,2905
133617,End-cap,34.49,32.89,No,Low,Seniors,Clothing,Yes,2881
176459,Front of Store,39.72,36.86,No,High,Families,Electronics,No,657
138820,Aisle,5.85,2.03,Yes,Low,Seniors,Clothing,Yes,2975
152123,Front of Store,26.07,25.02,Yes,Low,Families,Clothing,No,955
165842,Front of Store,40.62,37.68,No,High,Seniors,Clothing,Yes,633
160474,Front of Store,10.3,6.83,Yes,Medium,College students,Electronics,Yes,1430
198462,End-cap,31.39,26.78,No,Medium,Seniors,Electronics,No,1779
194843,Aisle,5.14,3.62,Yes,Medium,College students,Clothing,No,1324
150604,Aisle,25.89,22.26,Yes,Low,Families,Food,Yes,2694
190418,End-cap,43.29,42.64,No,Medium,Young adults,Electronics,No,1341
133094,Front of Store,29.18,28.36,Yes,Medium,College students,Food,Yes,2643
189074,End-cap,5.9,1.5,Yes,Medium,College students,Food,Yes,1353
152783,Front of Store,44.43,43.93,Yes,Low,Young adults,Electronics,Yes,2839
152215,Front of Store,22.4,19.66,No,Low,Young adults,Electronics,No,954
174676,Aisle,16.36,15.03,Yes,Medium,Families,Clothing,Yes,1509
147821,Front of Store,26.3,24.58,No,Low,College students,Clothing,No,2420
113180,Aisle,47.71,46.97,Yes,Medium,Families,Electronics,No,2305
147684,Aisle,32.67,30.34,No,Medium,College students,Clothing,No,914
110276,Aisle,34.75,30.57,Yes,Medium,Young adults,Food,Yes,893
119373,Aisle,8.72,5.39,Yes,Low,College students,Electronics,No,2757
130090,Aisle,13.15,12.98,Yes,Medium,Seniors,Electronics,No,905
168451,Front of Store,10.27,7.41,No,High,College students,Electronics,No,1050
196907,Aisle,17.35,17.17,Yes,Medium,Seniors,Clothing,Yes,2911
153708,Aisle,12.05,9.59,Yes,High,Seniors,Clothing,No,541
116949,End-cap,7.01,4.71,Yes,Low,College students,Food,No,926
128184,Aisle,26.69,22.29,Yes,Low,Families,Food,No,527
190312,End-cap,41.92,37.02,Yes,Medium,Seniors,Electronics,Yes,2252
195839,Aisle,43.89,39.28,Yes,Low,Families,Food,Yes,769
197080,Front of Store,40.24,37.9,Yes,Medium,Seniors,Clothing,Yes,2798
126882,Aisle,8.71,6.89,No,Medium,College students,Clothing,Yes,2166
121683,End-cap,14.48,11.5,No,Low,College students,Clothing,Yes,1669
114466,Aisle,19.24,16.55,No,High,Young adults,Clothing,Yes,1056
133423,Front of Store,43.91,42.82,Yes,Low,Seniors,Food,No,768
129345,Aisle,39.19,35.94,No,High,Families,Electronics,No,1227
182298,Aisle,5.45,4.89,No,Low,Young adults,Clothing,No,2205
115099,End-cap,44.39,43.57,No,High,Families,Food,No,2749
123677,End-cap,23.14,18.42,No,Low,College students,Clothing,Yes,1331
156228,Front of Store,32.1,27.11,Yes,Medium,Young adults,Food,Yes,1972
130446,End-cap,32.33,29.9,No,Medium,College students,Food,Yes,2827
139743,Front of Store,43.33,38.66,No,High,College students,Food,Yes,1861
137462,Front of Store,40.36,39.26,Yes,Low,Families,Electronics,Yes,2714
180388,Aisle,49.25,44.43,No,Medium,Seniors,Food,No,755
193975,Front of Store,43.94,43.83,Yes,High,College students,Clothing,Yes,1414
126497,End-cap,34.13,34.11,No,Low,Young adults,Electronics,No,2838
165072,End-cap,37.02,33.37,No,High,Seniors,Food,Yes,2150
146446,Front of Store,35.56,30.73,No,High,Families,Electronics,No,2477
174450,Front of Store,7.33,6.04,No,Medium,Young adults,Electronics,Yes,2651
130931,Aisle,42.63,41.03,Yes,High,Families,Electronics,No,2224
196440,Front of Store,24.41,21.22,No,High,Young adults,Clothing,No,2300
113511,End-cap,21.22,19.82,Yes,Medium,Families,Clothing,Yes,2152
163155,Aisle,14.59,13.38,No,Medium,Seniors,Electronics,No,2689
143152,Front of Store,14.78,10.6,Yes,Medium,Seniors,Electronics,No,2046
178198,Front of Store,40.43,35.86,No,Low,College students,Food,No,2288
173253,Front of Store,17.43,16.25,Yes,Low,Young adults,Electronics,No,1979
131726,End-cap,9.26,6.45,Yes,Low,College students,Clothing,No,2488
153970,Aisle,7.44,5.4,Yes,High,Seniors,Food,Yes,1851
150686,Front of Store,44.09,40.32,No,Low,College students,Food,Yes,2966
175349,End-cap,37.75,34.49,No,Medium,Young adults,Electronics,No,1322
127292,Aisle,17.28,14.4,No,Medium,Seniors,Electronics,No,1070
152568,Aisle,6.81,5.61,Yes,Low,Young adults,Clothing,Yes,2966
135414,End-cap,32.97,30.24,Yes,Medium,Young adults,Electronics,Yes,1403
110319,Front of Store,6.05,1.11,No,High,Families,Food,No,1775
174321,End-cap,42.95,42.62,Yes,Low,Seniors,Electronics,No,1662
143069,End-cap,17.23,13.46,No,High,College students,Electronics,Yes,677
155092,End-cap,39.66,39.05,Yes,High,College students,Clothing,Yes,876
114253,Front of Store,35.63,31.26,No,Low,College students,Electronics,No,1495
177321,End-cap,31.78,31.35,No,Low,Families,Clothing,Yes,2286
130550,Aisle,6.61,5.61,Yes,Medium,Young adults,Food,No,1698
152773,Front of Store,49.74,46.3,No,Medium,College students,Clothing,Yes,2148
175790,Aisle,21.18,18.05,Yes,Medium,College students,Food,Yes,1788
126957,Front of Store,36.95,34.3,No,High,Families,Clothing,Yes,1809
178874,Aisle,34.22,31.38,No,High,Seniors,Clothing,Yes,952
195207,Front of Store,26.14,24.73,Yes,High,Young adults,Electronics,No,1716
157384,End-cap,24.53,23.54,Yes,High,Seniors,Clothing,No,2479
110980,Aisle,11.77,8.42,No,Medium,Young adults,Electronics,Yes,1610
144539,Front of Store,28.83,24.6,No,High,Families,Food,Yes,2162
156638,Front of Store,42.21,38.19,Yes,Medium,Seniors,Food,Yes,1539
135717,Aisle,31.74,30.41,No,Medium,Families,Clothing,No,743
152395,End-cap,13.29,10.2,No,High,College students,Electronics,No,1802
160346,Aisle,45.45,42.33,No,High,Families,Electronics,Yes,1416
142963,End-cap,30.48,27.39,No,Medium,College students,Clothing,Yes,1087
155793,End-cap,17.79,17.61,No,Medium,Young adults,Electronics,Yes,2225
124413,Front of Store,30.06,29.48,No,High,Families,Food,Yes,1232
160541,End-cap,24.79,21.25,No,High,Young adults,Electronics,No,1311
114964,Front of Store,16.47,13.41,Yes,Medium,Seniors,Electronics,No,570
199673,End-cap,8.2,4.13,No,High,Seniors,Food,Yes,2488
141355,End-cap,34.36,33.24,Yes,High,Families,Clothing,No,1950
144362,Aisle,22.69,20.5,Yes,High,Seniors,Clothing,Yes,2270
144721,Front of Store,25.51,22.38,No,High,Families,Electronics,No,2917
139337,End-cap,42.31,41.34,Yes,Medium,Young adults,Clothing,No,1878
167218,End-cap,35.35,34.4,No,Low,College students,Clothing,No,2621
119583,Front of Store,6.32,5.2,No,High,Young adults,Electronics,Yes,1332
195223,Front of Store,23.16,22.01,No,Medium,College students,Clothing,Yes,2526
175927,End-cap,45.95,41.25,No,High,Seniors,Clothing,No,2014
130120,End-cap,42.89,38.76,No,Low,Families,Electronics,No,2963
141261,Front of Store,49.98,47.6,Yes,Low,Young adults,Clothing,No,641
186584,Aisle,33.76,33.19,Yes,Medium,College students,Electronics,No,1370
120793,Front of Store,29.98,28.14,No,Medium,Seniors,Electronics,Yes,2204
155385,End-cap,38.8,35.71,No,Medium,Young adults,Electronics,No,1973
151124,End-cap,8.34,7.22,No,High,Families,Clothing,No,2895
179168,Front of Store,47.77,44.38,No,Low,Families,Electronics,Yes,1389
162419,Aisle,27.09,25.32,Yes,High,Seniors,Electronics,Yes,617
113067,Front of Store,26.16,24.53,No,High,Families,Clothing,No,1062
178104,Aisle,15.32,13.21,No,High,Seniors,Electronics,Yes,2827
138903,Aisle,39.87,39.54,No,Low,Families,Clothing,No,1981
116993,Front of Store,31.69,31.54,No,High,College students,Clothing,No,2938
111935,Aisle,16.27,15.54,No,High,College students,Clothing,No,1831
115210,Front of Store,28.08,25.81,No,High,Seniors,Electronics,Yes,2068
173296,End-cap,11.95,11.03,No,Medium,College students,Clothing,Yes,1009
110709,Aisle,18.48,17.43,No,Medium,College students,Food,Yes,2450
134034,Front of Store,31.72,28.87,Yes,High,Young adults,Clothing,Yes,2571
165430,Aisle,29.45,26.6,Yes,High,College students,Food,No,2815
192396,Front of Store,7.32,7.08,No,Low,Families,Food,Yes,1039
115581,Aisle,44.47,40.07,No,Low,Young adults,Electronics,Yes,2455
149662,End-cap,13.33,11.68,Yes,Low,College students,Electronics,No,1376
169368,Front of Store,24.1,19.13,Yes,High,Families,Food,No,1955
173174,End-cap,12.05,9.14,No,High,Seniors,Clothing,No,636
153411,Front of Store,25.9,25.7,Yes,Low,Families,Clothing,Yes,869
135465,Aisle,12.65,11.97,Yes,High,College students,Food,No,1015
151005,End-cap,17.79,12.86,No,Low,Seniors,Food,No,1276
172517,Aisle,23.94,19.7,No,Medium,Seniors,Electronics,Yes,808
113368,End-cap,17.48,12.55,No,High,Young adults,Clothing,Yes,2682
112801,Front of Store,41.6,38.31,Yes,High,Young adults,Food,Yes,1363
163286,Aisle,49.64,48.84,No,Low,Young adults,Food,No,2184
175963,End-cap,15.09,12.43,Yes,High,College students,Clothing,Yes,1417
119258,End-cap,41.97,40.32,No,Medium,Families,Clothing,No,1415
131817,End-cap,33.48,28.94,No,High,Families,Electronics,Yes,2889
193731,Aisle,49.55,49.1,Yes,Medium,Families,Clothing,No,1592
175087,End-cap,24.64,23.91,No,High,Families,Food,No,2874
129041,End-cap,40.28,38.37,Yes,Low,Seniors,Food,No,2025
194723,End-cap,10.09,5.6,No,Low,Families,Clothing,Yes,1846
178350,End-cap,36.71,34.55,No,High,Families,Food,Yes,1964
137798,Front of Store,18.91,17.76,No,High,Young adults,Clothing,No,1408
158893,Front of Store,35.65,31.08,Yes,Low,Seniors,Clothing,Yes,1272
149201,Aisle,46.97,46.34,Yes,Medium,Families,Electronics,Yes,521
169631,Aisle,17.05,14.8,No,High,Seniors,Electronics,No,2100
168106,Front of Store,18.93,18.41,No,Low,College students,Food,No,1134
177650,Aisle,43.59,39.89,Yes,High,Seniors,Electronics,No,2241
154029,End-cap,34.88,34.6,Yes,Low,Young adults,Food,Yes,2954
130738,Front of Store,14.18,13.19,Yes,Medium,Seniors,Clothing,No,1085
140879,Aisle,45.5,43.19,Yes,High,Young adults,Food,No,1495
151900,Aisle,47.99,47.59,Yes,Medium,College students,Food,Yes,1560
187604,End-cap,49.21,48.05,No,Medium,College students,Food,Yes,782
174627,Front of Store,38.69,37.01,No,High,College students,Clothing,No,1296
133654,End-cap,42.98,41.61,Yes,Medium,Young adults,Clothing,No,2333
180951,Front of Store,25.2,22.09,Yes,High,Seniors,Clothing,Yes,2056
110578,End-cap,22.22,21.56,No,High,Families,Food,No,950
192711,Aisle,36.4,34.38,Yes,High,Seniors,Electronics,Yes,2079
154096,Aisle,43.32,39.63,Yes,Low,Families,Food,No,2144
124265,End-cap,24.39,20.92,Yes,High,Families,Clothing,No,2715
120576,End-cap,16.48,14.74,No,High,College students,Food,Yes,1357
166314,End-cap,38.36,35.33,No,Medium,Seniors,Food,Yes,2896
138145,Front of Store,25.94,24.83,Yes,Medium,Families,Clothing,No,2523
192789,End-cap,15.65,14.23,No,Medium,College students,Clothing,No,2480
150907,Front of Store,45.68,45.58,No,High,Seniors,Electronics,No,1323
182011,End-cap,24.17,19.74,Yes,Medium,Seniors,Clothing,No,588
167179,Front of Store,24.06,23.01,Yes,Low,College students,Clothing,No,2225
116390,End-cap,30.07,29.26,Yes,High,College students,Electronics,Yes,2834
119757,End-cap,48.21,43.42,No,Low,College students,Clothing,No,1907
139269,Aisle,18.24,16.68,No,Low,Families,Electronics,Yes,821
135624,Front of Store,6.24,2.06,No,High,Young adults,Food,No,1744
171860,Aisle,44.32,39.33,Yes,Low,College students,Clothing,No,2398
185187,Front of Store,38.92,38.34,Yes,Medium,College students,Clothing,No,1358
163977,End-cap,37.28,36.19,No,Low,Seniors,Food,No,2872
128784,Aisle,32.51,31.52,Yes,Medium,College students,Electronics,No,801
161283,End-cap,46.68,44.47,No,Medium,College students,Electronics,Yes,1532
166588,End-cap,7.09,5.73,Yes,High,Seniors,Clothing,No,1376
111384,Aisle,23.22,21.78,No,Low,Young adults,Clothing,No,1859
144945,End-cap,28.77,27.43,No,Medium,Families,Food,Yes,1908
145405,Aisle,33.95,29.32,No,Medium,Families,Food,Yes,1403
140480,Aisle,33.32,32.96,Yes,Medium,Young adults,Food,No,2599
117707,Aisle,27.33,25.41,No,Low,College students,Food,No,511
182158,Front of Store,24.22,23.04,No,Medium,College students,Clothing,Yes,2689
151032,Front of Store,9.78,4.93,No,High,Young adults,Clothing,Yes,2054
138160,Aisle,19.57,18.88,Yes,Medium,College students,Food,No,839
132647,Front of Store,15.85,14.41,Yes,High,College students,Food,Yes,2831
154713,Aisle,47.72,44.03,Yes,Medium,Families,Clothing,Yes,1647
157629,Front of Store,18.93,17.81,No,High,Families,Food,No,1277
165679,Front of Store,15.38,12.41,No,Low,Families,Clothing,No,1062
127978,Front of Store,6.39,5.77,Yes,Low,Seniors,Food,No,1677
191923,Aisle,47.6,45.1,No,High,Families,Clothing,No,1459
179488,Front of Store,41.53,37.25,Yes,Low,Young adults,Food,Yes,1479
196100,Aisle,24.3,23.86,Yes,Medium,Families,Food,No,944
114396,Front of Store,37.84,37.37,Yes,Medium,Families,Food,No,1433
126954,Aisle,41.39,39.6,No,Medium,Seniors,Electronics,Yes,1640
161127,End-cap,11.47,7.46,No,Medium,Seniors,Food,No,954
192871,Front of Store,6.39,3.99,No,Low,College students,Clothing,Yes,1654
196774,Front of Store,40.99,37.67,No,Low,College students,Electronics,Yes,1303
179265,Front of Store,40.07,39.77,Yes,Medium,Seniors,Electronics,No,921
127161,End-cap,47.2,44.38,Yes,Medium,Seniors,Food,Yes,2388
167455,Aisle,44.42,43.37,No,Medium,Families,Food,No,2494
126083,End-cap,9.29,5.86,No,High,Families,Electronics,No,1079
191442,Aisle,38.26,38.26,Yes,High,Seniors,Clothing,Yes,604
157324,Front of Store,36.45,32.2,No,High,Seniors,Food,Yes,1482
196863,Front of Store,42.68,42.34,No,Medium,College students,Electronics,Yes,2751
125834,End-cap,37.76,36.64,Yes,Medium,Families,Food,Yes,2700
160648,End-cap,47.47,45.66,No,Low,Young adults,Electronics,No,1824
177124,Front of Store,30.28,27.84,No,Low,Seniors,Food,No,1339
130113,End-cap,15.48,10.95,Yes,Low,College students,Clothing,No,726
149104,Aisle,30.51,26.82,No,High,Seniors,Electronics,Yes,1811
131351,Aisle,13.38,11.17,No,High,College students,Electronics,Yes,1031
163127,End-cap,40.39,36.59,No,Medium,Young adults,Clothing,Yes,1599
145944,End-cap,36.3,33.01,Yes,Medium,Families,Food,No,2219
178288,Aisle,42.19,38.49,Yes,Medium,Young adults,Clothing,No,858
120721,Front of Store,19.15,14.29,Yes,Low,Young adults,Electronics,Yes,1817
198257,Front of Store,9.07,4.34,Yes,Medium,Seniors,Food,Yes,647
144938,End-cap,6.71,4.23,No,High,Young adults,Food,Yes,2042
180786,Aisle,9.99,6.1,No,High,Young adults,Electronics,No,2581
174984,Front of Store,16.46,15.04,No,Low,College students,Clothing,No,2704
164338,Front of Store,21.67,19.04,Yes,Low,Young adults,Clothing,Yes,2614
194730,Front of Store,14.09,10.27,No,Medium,Families,Electronics,No,1531
184387,Front of Store,22.48,20.5,No,High,Seniors,Food,Yes,1862
122405,Front of Store,17.06,12.21,No,High,Families,Electronics,No,1312
155287,End-cap,20.21,19.05,Yes,Low,Seniors,Clothing,Yes,1830
135629,End-cap,19.14,14.98,Yes,Low,Seniors,Electronics,Yes,926
161695,Aisle,43.33,39.35,No,Medium,Seniors,Clothing,No,2463
188585,Aisle,24.47,20.48,Yes,Low,Young adults,Electronics,No,2376
199050,End-cap,9.47,6.1,No,Medium,College students,Electronics,No,1352
126957,Front of Store,16.68,16.44,No,High,Seniors,Food,No,1941
140298,Aisle,28.83,25.5,No,Low,Seniors,Clothing,Yes,1039
143161,End-cap,35.54,33.58,Yes,Low,Seniors,Clothing,No,946
126549,Front of Store,42.47,40.12,Yes,High,Seniors,Clothing,No,1648
199013,Aisle,49.97,45.21,No,Medium,College students,Clothing,No,2894
120994,End-cap,11.43,8.77,No,Low,College students,Electronics,No,2633
123549,End-cap,10.54,5.99,No,Low,Families,Food,No,637
191501,Front of Store,40.75,37.55,No,Low,Families,Food,No,2794
137441,End-cap,38.57,34.84,No,Low,Seniors,Electronics,Yes,1425
174639,Aisle,32.42,27.95,No,Low,College students,Food,Yes,1865
126334,End-cap,43.81,39.96,No,High,College students,Clothing,No,718
158294,Aisle,5.15,5.01,No,Medium,Seniors,Food,No,1252
171653,End-cap,36.87,34.47,No,Medium,Young adults,Food,Yes,2951
113784,Front of Store,27.14,23.32,No,Low,College students,Clothing,No,920
195374,Front of Store,46.16,42.84,Yes,Low,College students,Electronics,No,1844
171712,End-cap,44.95,43.96,No,Medium,College students,Clothing,Yes,835
148331,Front of Store,44.38,40.68,Yes,Low,Young adults,Clothing,Yes,1322
123478,Aisle,25.59,24.27,No,Low,Seniors,Electronics,Yes,700
164043,Aisle,11.02,10.23,No,High,Young adults,Food,No,2075
158938,Front of Store,39.31,37.18,Yes,High,Seniors,Clothing,No,703
118260,End-cap,20.5,17.08,No,Medium,Families,Food,Yes,2653
168970,End-cap,13.49,10.1,No,Medium,Seniors,Clothing,No,2819
160301,Front of Store,15.5,13.36,No,Medium,College students,Food,No,1056
134598,Aisle,5.66,1.62,Yes,Low,Families,Electronics,No,1475
140548,Aisle,9.71,5.57,Yes,High,College students,Clothing,No,2971
119282,Front of Store,17.05,16.01,No,High,Families,Electronics,No,2136
155744,Aisle,33.53,28.67,Yes,Medium,Families,Clothing,Yes,2663
188805,Aisle,11.42,8.54,Yes,High,Families,Clothing,No,1324
194198,Aisle,44.88,41.36,Yes,High,College students,Food,Yes,2363
158917,Front of Store,15.84,11.45,Yes,High,Seniors,Clothing,Yes,2042
119182,Front of Store,16.46,13.91,Yes,Low,Families,Food,No,2578
177843,End-cap,22.29,21.55,Yes,Low,Families,Clothing,No,1898
175135,Front of Store,30.9,29.78,No,High,Seniors,Food,No,1732
162886,Front of Store,20.54,17.99,No,Medium,College students,Clothing,Yes,2192
162663,Aisle,34.96,34.77,No,High,Young adults,Electronics,No,2231
148513,Front of Store,28.81,24.72,Yes,High,Seniors,Food,Yes,980
127550,Front of Store,45.28,42.69,Yes,Low,Families,Clothing,Yes,2605
123557,Front of Store,15.14,11.49,No,Low,Seniors,Food,Yes,1035
140118,Aisle,41.12,39.94,No,Medium,College students,Electronics,Yes,2063
172912,Front of Store,40.01,38.86,Yes,High,College students,Clothing,No,2551
155610,Front of Store,5.11,1.28,No,Low,College students,Electronics,Yes,2807
160544,End-cap,45.47,41.47,Yes,Medium,College students,Food,No,2687
177721,End-cap,25.2,20.82,Yes,Medium,Seniors,Electronics,No,2731
199735,Aisle,41,40.35,Yes,Low,Seniors,Electronics,No,1176
164553,End-cap,6.66,3.09,No,High,Families,Clothing,Yes,1826
160829,Front of Store,28.09,26,No,Low,Young adults,Clothing,Yes,1985
189316,Front of Store,33.94,32.88,No,Medium,College students,Clothing,Yes,2262
110815,Aisle,42.48,42.36,No,High,Young adults,Electronics,No,1672
173823,Front of Store,46.95,46.69,Yes,High,Young adults,Electronics,Yes,2732
189791,End-cap,15.37,13.64,No,High,College students,Food,Yes,1360
180074,End-cap,18.25,14.38,Yes,Low,Families,Clothing,Yes,2608
131689,Front of Store,42.43,41.76,No,Low,Families,Food,Yes,1833
145573,End-cap,43.83,42.62,No,Medium,Families,Electronics,Yes,1071
196508,End-cap,47.98,44.05,Yes,High,Families,Clothing,Yes,1698
159831,Aisle,36.29,33.69,No,Medium,College students,Electronics,No,763
154409,Aisle,19.87,19.65,No,Medium,College students,Food,Yes,1506
151330,Front of Store,42.94,39.98,No,Medium,College students,Food,No,2353
178721,End-cap,34.32,30.13,No,Low,Young adults,Electronics,No,628
190370,End-cap,36.86,35.27,Yes,Low,Families,Clothing,Yes,554
171778,End-cap,34.07,30.82,No,High,Families,Clothing,Yes,2095
181634,Front of Store,23.99,22.54,No,High,Young adults,Clothing,Yes,2774
146294,Front of Store,11.38,8.6,No,High,Young adults,Food,Yes,2777
113594,Front of Store,24.18,21.23,No,High,Seniors,Electronics,No,2376
153294,End-cap,30.37,26.67,Yes,Low,Seniors,Electronics,No,1279
191154,End-cap,38.81,36.77,No,Medium,Seniors,Clothing,No,836
154870,Front of Store,8.52,5.11,Yes,Low,Young adults,Clothing,Yes,1793
145558,End-cap,10.78,8.58,Yes,Low,Families,Clothing,No,2728
135809,Front of Store,18.9,18.48,Yes,Low,Young adults,Clothing,No,1780
156148,Aisle,36.26,34.24,Yes,High,Young adults,Electronics,Yes,1508
171191,Front of Store,46.72,45.02,No,High,Families,Food,Yes,2267
115810,Front of Store,7.28,6.56,No,Medium,Young adults,Clothing,Yes,1953
115533,End-cap,41.85,37.04,Yes,High,College students,Food,Yes,1971
191827,End-cap,28.57,26.47,Yes,High,Families,Food,No,1178
115156,Front of Store,10.66,6.87,Yes,High,College students,Electronics,Yes,2800
148849,End-cap,11.75,9.84,Yes,High,Young adults,Electronics,Yes,1307
121239,Aisle,49.77,49.66,Yes,Low,Seniors,Clothing,Yes,1829
147878,End-cap,38.9,35.38,No,High,Families,Electronics,No,1065
163043,End-cap,15.86,11.57,No,Low,Seniors,Electronics,No,1075
198302,Aisle,45.15,42,No,High,Seniors,Clothing,No,1388
191418,Aisle,46.06,43.67,No,Low,Seniors,Electronics,No,2244
175324,End-cap,37.69,36.14,Yes,Low,Families,Electronics,Yes,1308
168949,Front of Store,47.81,46.2,Yes,Medium,Seniors,Electronics,No,1033
132443,Aisle,36.15,31.58,Yes,Low,College students,Clothing,No,1924
142665,End-cap,28.97,24.67,Yes,Medium,College students,Clothing,Yes,1705
171112,Aisle,40.65,36.48,No,High,College students,Food,Yes,635
164994,End-cap,13.6,8.67,Yes,Low,Families,Food,No,2189
197700,Aisle,5.76,3.84,No,Medium,Families,Electronics,No,2716
162699,Front of Store,9.26,5.65,No,Medium,Seniors,Food,Yes,1474
166102,Front of Store,48.35,47.1,Yes,Medium,College students,Food,No,1001
125196,Front of Store,33.86,31.9,No,High,Young adults,Clothing,Yes,2479
190769,Aisle,40.56,38.99,No,High,Families,Clothing,Yes,955
192908,Front of Store,45.61,43.04,No,Low,Seniors,Food,Yes,1410
190000,Front of Store,11.29,9.86,Yes,High,Families,Electronics,No,1133
117812,End-cap,13.49,11.04,No,High,Seniors,Electronics,No,2984
158258,Aisle,41.44,39.26,No,Low,Families,Electronics,Yes,2622
136575,Aisle,18.65,15.73,Yes,High,Young adults,Food,Yes,2570
152880,End-cap,25.36,24.79,No,Low,Young adults,Clothing,Yes,617
112839,Front of Store,49.98,49.85,No,High,Young adults,Clothing,No,2255
190584,Front of Store,37.43,33.22,Yes,Low,College students,Clothing,No,637
171598,Aisle,30.93,30.15,Yes,Medium,College students,Electronics,No,1613
169545,Front of Store,20.4,15.7,Yes,Medium,Families,Electronics,No,653
132704,Aisle,25.47,22.73,Yes,High,Families,Electronics,No,2074
168639,Front of Store,38.68,35.89,Yes,High,College students,Clothing,Yes,2068
163062,End-cap,37.79,34.04,Yes,High,College students,Food,Yes,2360
186783,Front of Store,8.52,4.55,No,Low,Young adults,Food,Yes,1667
130656,End-cap,30.51,27.48,Yes,Medium,Families,Electronics,No,588
111930,Front of Store,11.04,9.15,No,High,Seniors,Electronics,No,1380
115305,End-cap,36.36,31.41,No,High,Seniors,Electronics,Yes,676
167689,Front of Store,11.48,10.41,No,High,Young adults,Electronics,Yes,2969
110451,Front of Store,10.77,9.98,Yes,Medium,Families,Food,No,578
189534,End-cap,5.73,3.94,Yes,Medium,Young adults,Electronics,No,2886
153881,Front of Store,33.16,28.8,Yes,Medium,Families,Clothing,No,1376
112314,End-cap,25.65,25.2,Yes,Medium,Families,Food,No,519
134948,Aisle,10.28,7.76,Yes,Medium,Young adults,Food,No,600
152468,Aisle,8.31,5.35,Yes,High,Families,Food,No,1728
148553,Front of Store,27.54,24.56,Yes,High,Families,Food,No,1585
121643,Aisle,5.17,0.72,No,High,College students,Food,Yes,1522
167351,Aisle,33.05,31.73,No,Low,College students,Electronics,No,961
199976,Front of Store,19.66,18.89,No,High,College students,Clothing,No,1641
172344,End-cap,15.42,13.77,Yes,Medium,Families,Clothing,Yes,2030
157499,Aisle,19.49,16.81,No,Low,Seniors,Electronics,No,1973
173866,Aisle,47.92,44.15,Yes,Medium,Young adults,Food,Yes,2246
134989,Front of Store,14.85,12.52,Yes,High,Families,Clothing,Yes,2571
162691,Front of Store,36.77,35.21,Yes,High,Families,Clothing,No,690
187196,End-cap,37.13,35.06,No,Low,College students,Food,Yes,2876
121378,End-cap,9.26,9.07,Yes,Medium,Seniors,Electronics,Yes,2168
142482,End-cap,27.59,26.89,No,High,Young adults,Electronics,No,1362
176723,Aisle,47.41,45.53,No,Low,Families,Electronics,Yes,1524
132654,Front of Store,36.75,36.09,No,Low,Seniors,Food,Yes,1875
169453,Aisle,12.09,10.47,No,Medium,Seniors,Electronics,Yes,2177
165328,End-cap,37.37,32.7,Yes,Medium,Families,Food,No,719
189998,Aisle,27.39,27.22,Yes,High,Young adults,Electronics,No,2206
171481,Aisle,37.53,35.46,No,High,Families,Clothing,Yes,2212
166674,End-cap,11.36,6.76,Yes,Low,Seniors,Clothing,Yes,638
110674,End-cap,36.21,33.76,Yes,Low,Seniors,Electronics,No,2726
110417,End-cap,43.02,42.63,Yes,Low,Young adults,Clothing,Yes,2352
166698,End-cap,47.18,46.66,No,Low,Young adults,Clothing,No,2528
179623,Front of Store,5.08,3.34,Yes,Low,College students,Food,Yes,2284
196326,Aisle,32.98,28.94,Yes,Medium,Seniors,Food,Yes,2015
175453,End-cap,12.65,9.75,No,Low,Seniors,Electronics,Yes,1603
153183,End-cap,38.1,34.7,No,Medium,Families,Clothing,No,822
195160,Front of Store,21.92,18,Yes,Low,Young adults,Food,No,1792
116201,Aisle,30.31,29.05,No,Low,Young adults,Clothing,No,2761
188566,Aisle,49.34,46.31,Yes,Medium,Families,Electronics,No,2071
151362,Front of Store,22.05,19.73,No,Medium,Families,Food,No,1112
189612,End-cap,49.94,48.09,Yes,High,Families,Food,Yes,809
144433,Front of Store,41.17,37.58,No,Low,Seniors,Electronics,No,1412
157449,Aisle,33.65,32.64,No,Low,College students,Food,No,951
165623,End-cap,17.03,15.52,No,High,College students,Electronics,Yes,2379
137925,End-cap,45.44,41.87,No,Medium,Young adults,Electronics,No,2336
115111,Aisle,16.88,13.12,No,Medium,Families,Clothing,No,1592
171502,Front of Store,10.49,8.45,Yes,Medium,Seniors,Food,Yes,635
193698,End-cap,7.95,3.06,No,Medium,Young adults,Food,No,1029
151572,Front of Store,29,26.1,Yes,Low,College students,Food,Yes,1602
158886,End-cap,33.24,29.24,Yes,Medium,Seniors,Electronics,Yes,664
111012,Front of Store,39.23,37.69,No,Medium,College students,Food,No,725
143251,Aisle,9.89,8.88,No,Low,Seniors,Electronics,No,2354
178611,Aisle,24.97,22.33,Yes,Medium,Seniors,Food,No,992
114824,Front of Store,43.12,40.43,Yes,High,Families,Clothing,Yes,852
168713,End-cap,29.88,26.59,Yes,High,Young adults,Food,Yes,2112
140868,Front of Store,19.11,16.4,No,Low,Families,Food,No,675
146780,End-cap,49.36,45.93,No,Low,College students,Electronics,No,2080
172105,Aisle,9.85,8.59,Yes,High,Families,Electronics,No,2299
111455,End-cap,27.05,26.24,Yes,High,College students,Electronics,Yes,2229
129927,End-cap,6.75,4.72,No,High,Seniors,Clothing,No,647
139494,Front of Store,32.22,31.89,No,Medium,Families,Food,Yes,1140
163982,End-cap,20.9,19.2,No,Low,Families,Food,Yes,779
112511,End-cap,47.2,44.69,Yes,Medium,Young adults,Clothing,Yes,2587
146982,End-cap,29.92,29.86,Yes,Medium,Young adults,Clothing,Yes,972
171517,Front of Store,18.7,16.64,Yes,Medium,Young adults,Food,No,1069
181233,Front of Store,20.7,19.35,No,High,Seniors,Clothing,No,2632
147559,Aisle,16.97,16.54,No,High,College students,Clothing,No,2628
158151,Aisle,36.75,34.84,No,Low,Young adults,Food,No,626
199194,Front of Store,8.58,4.65,Yes,High,Seniors,Food,No,2315
187447,Front of Store,30.46,26.95,Yes,High,College students,Food,Yes,1253
175725,End-cap,39.97,39.71,Yes,Low,Young adults,Electronics,Yes,1083
131107,Aisle,31.79,26.83,No,Low,Young adults,Clothing,Yes,1089
186541,Aisle,40.59,35.65,Yes,High,Young adults,Clothing,No,2969
192046,Front of Store,20.24,20.18,Yes,Medium,Families,Food,No,1387
147306,Aisle,18.5,15.38,No,Low,College students,Clothing,Yes,1828
145684,Front of Store,46.36,42.96,Yes,Low,College students,Electronics,No,2267
118867,End-cap,11.15,8.08,No,Medium,Families,Electronics,Yes,2292
143823,End-cap,47.99,43.86,Yes,Medium,Young adults,Electronics,Yes,2230
194433,Aisle,21.67,18.77,No,Low,Young adults,Food,No,2207
180551,End-cap,30.83,30.37,No,Low,College students,Food,No,1999
180029,Aisle,37.72,33.07,No,Low,Families,Clothing,Yes,1301
158671,End-cap,28.37,27.34,Yes,Medium,Seniors,Food,Yes,1262
196932,Aisle,49.66,46.66,No,High,Young adults,Food,Yes,2085
188730,Aisle,22.04,19.16,Yes,Medium,Families,Electronics,Yes,2051
189853,End-cap,14.3,11.08,No,Low,Families,Food,No,2479
169236,End-cap,13.52,9.5,Yes,Low,Young adults,Food,No,2234
157660,End-cap,17.99,14.93,No,Medium,Young adults,Clothing,Yes,821
119645,End-cap,26.07,24.32,No,High,Young adults,Food,Yes,1634
142356,Aisle,27.16,23.47,No,Medium,Families,Food,Yes,1207
122078,End-cap,7.32,4.86,No,Medium,Young adults,Electronics,Yes,1124
161248,End-cap,12.8,11.34,No,Low,College students,Clothing,Yes,1167
171394,Front of Store,16.93,16.87,No,Low,College students,Clothing,No,2683
151362,Aisle,9.03,7.3,No,High,Seniors,Electronics,Yes,1586
171225,Aisle,11,9.72,No,Medium,Young adults,Electronics,Yes,689
147968,Front of Store,10.27,10.14,No,Low,Families,Clothing,Yes,1995
135533,End-cap,30.99,27.34,Yes,Low,College students,Clothing,Yes,2915
175517,Aisle,37.72,37.04,No,High,Families,Clothing,Yes,1732
194339,Aisle,32.67,29.65,No,Medium,Young adults,Electronics,No,2749
181234,End-cap,40.78,40.35,Yes,High,College students,Electronics,Yes,2262
128647,Front of Store,13.33,9.52,No,High,Young adults,Food,No,1187
178865,End-cap,7.73,5.13,Yes,Medium,Families,Electronics,No,2525
131452,Aisle,28.43,27.71,No,Medium,College students,Electronics,Yes,1056
146158,End-cap,41.9,40.31,Yes,Medium,Families,Food,Yes,2737
144475,Aisle,23.7,19.85,No,Medium,Young adults,Clothing,Yes,957
120176,Front of Store,45.03,44.13,No,Medium,Seniors,Clothing,No,2560
156007,Aisle,31.89,27.8,Yes,Low,College students,Clothing,No,648
138628,Aisle,37.83,33.08,No,Low,Families,Food,Yes,645
178302,Aisle,26.98,25.17,Yes,Medium,Young adults,Clothing,Yes,1725
144073,Front of Store,24.73,21.68,No,Medium,Young adults,Clothing,Yes,2293
186997,Aisle,28.66,27.62,Yes,Low,College students,Clothing,Yes,2064
173396,End-cap,35.55,34.13,No,Low,Families,Clothing,Yes,1356
115038,End-cap,18.36,16.02,No,Low,College students,Clothing,Yes,611
151967,Front of Store,31.14,30.98,Yes,Medium,Young adults,Clothing,Yes,2680
170937,Front of Store,16.58,15.92,No,Low,Young adults,Food,No,507
176947,End-cap,48.73,48.41,Yes,High,Young adults,Electronics,No,1562
181067,End-cap,29.39,26.88,No,Medium,Seniors,Food,No,1418
192831,Aisle,26.63,24.16,Yes,Low,Young adults,Clothing,Yes,762
119838,Aisle,25.61,21.23,Yes,Medium,College students,Electronics,No,2534
151923,Aisle,48.91,43.95,Yes,Medium,Families,Food,Yes,1701
186652,End-cap,23.64,18.82,Yes,Medium,College students,Clothing,Yes,747
169576,Aisle,45.3,43.21,Yes,Medium,Seniors,Clothing,Yes,1463
180911,End-cap,22.95,20.73,No,Low,Families,Electronics,Yes,1015
133294,Front of Store,41.51,41.39,Yes,Medium,Young adults,Food,No,2696
135689,End-cap,43.26,39.55,Yes,Medium,Families,Electronics,Yes,1063
190951,Aisle,44.53,40.86,No,High,Seniors,Electronics,No,2472
163002,Front of Store,6.35,3.89,Yes,High,Young adults,Clothing,No,1270
190010,Aisle,28.45,24.96,Yes,Medium,College students,Clothing,No,2312
177516,Aisle,9.19,4.71,No,Low,Families,Food,Yes,2082
113847,Front of Store,31.3,27.14,No,High,Families,Food,No,712
114370,Aisle,49.5,45.77,Yes,Medium,College students,Clothing,No,1017
154002,Aisle,28.11,27.36,Yes,High,Families,Food,No,887
125057,End-cap,30.59,30,Yes,Medium,College students,Food,Yes,660
159070,End-cap,19.25,18.54,No,High,College students,Electronics,Yes,1280
167705,Front of Store,15.21,13.53,Yes,Medium,Families,Electronics,Yes,2196
177177,Aisle,24.9,24.44,Yes,High,College students,Electronics,Yes,1432
192619,Aisle,26.75,22.76,Yes,High,College students,Food,No,2279
121605,Front of Store,13.58,11.21,No,Low,Young adults,Electronics,No,1145
149245,End-cap,10.6,7.52,No,High,College students,Electronics,No,771
194369,Aisle,9.81,9.53,No,High,College students,Food,Yes,2548
135894,End-cap,36.9,33.72,Yes,Low,Families,Electronics,Yes,1640
127177,End-cap,35.44,30.67,Yes,Medium,Families,Electronics,No,565
144780,Front of Store,7.65,4.84,Yes,High,Families,Electronics,No,1272
189870,End-cap,49.31,44.8,Yes,Low,Young adults,Electronics,Yes,582
179236,End-cap,33.41,28.67,Yes,Medium,Families,Clothing,Yes,1270
134887,End-cap,47.79,46.97,No,Low,Seniors,Electronics,Yes,2118
190184,End-cap,44.54,42.2,No,Low,College students,Clothing,Yes,2820
115318,Front of Store,21.79,17.46,No,High,College students,Food,Yes,2363
161907,Front of Store,34.69,31.14,No,Medium,Young adults,Clothing,Yes,1099
155997,End-cap,46.84,43.8,Yes,Low,College students,Food,No,2534
166744,Aisle,13.34,8.91,No,Medium,Families,Clothing,Yes,2309
129858,Front of Store,47.74,45.16,Yes,High,College students,Electronics,Yes,2018
158908,Front of Store,42.5,41.13,Yes,High,Seniors,Food,Yes,2100
192048,End-cap,20.39,18.04,No,High,Young adults,Electronics,No,2512
136294,End-cap,38.87,37.28,No,Low,College students,Food,Yes,1706
193043,Front of Store,49.14,45.02,No,Low,Families,Clothing,No,2743
192787,End-cap,19.84,19.13,Yes,Medium,Seniors,Food,No,2569
119150,End-cap,21.81,17.49,No,High,College students,Food,No,1556
115266,Front of Store,27.9,25.48,No,Low,Families,Electronics,No,1549
121186,Front of Store,6.77,5.62,No,Medium,Young adults,Electronics,No,989
144385,Aisle,39.44,38.08,No,High,Families,Food,No,834
161594,End-cap,49.52,45.71,Yes,Low,College students,Food,Yes,2108
114320,Aisle,6.11,1.77,Yes,Low,College students,Clothing,No,558
167648,Aisle,39.47,39.39,No,High,Young adults,Electronics,No,2990
198500,Front of Store,29.39,26.11,Yes,Medium,College students,Clothing,Yes,1581
120916,Front of Store,8.01,5.23,No,Low,Families,Electronics,No,1139
180422,Aisle,22.74,19.43,Yes,Medium,Seniors,Clothing,No,1408
136977,End-cap,20.56,17.87,Yes,Low,College students,Clothing,Yes,685
145902,Aisle,11.9,9.17,Yes,High,Young adults,Electronics,Yes,2314
135734,Aisle,20.45,19.41,Yes,High,Seniors,Clothing,No,2805
153230,End-cap,29.28,26.59,No,Low,Seniors,Food,Yes,565
153722,Aisle,47.67,43,No,Medium,Seniors,Food,Yes,1058
147361,End-cap,32.84,32.42,No,Low,Seniors,Food,Yes,563
158227,Aisle,11.54,9.37,No,High,Families,Clothing,No,2721
197123,Front of Store,37.09,33.18,Yes,High,College students,Electronics,No,2625
140321,End-cap,39.47,36.13,No,High,Seniors,Food,Yes,687
177510,Front of Store,37.07,36.38,Yes,High,Young adults,Food,No,1768
135786,Aisle,27.36,25.74,Yes,Medium,Seniors,Electronics,Yes,2987
184980,End-cap,47.39,44.9,Yes,Medium,Seniors,Electronics,No,2788
152671,Aisle,47.12,46,Yes,High,Families,Food,No,1380
155722,End-cap,29.53,26.18,Yes,High,Families,Clothing,Yes,1484
171570,End-cap,15.7,11.02,Yes,High,Seniors,Clothing,Yes,1353
181417,Aisle,40.19,38.73,Yes,Medium,Young adults,Clothing,No,2728
157514,Front of Store,17.49,13.3,No,Medium,College students,Electronics,Yes,937
170515,Front of Store,38.45,38.05,No,Low,Families,Electronics,Yes,533
179736,Aisle,17.03,13.4,No,High,Young adults,Electronics,No,1452
137969,End-cap,38.82,34.28,No,High,Families,Electronics,Yes,1987
146503,Front of Store,27.63,26.37,Yes,High,Young adults,Electronics,No,2410
115333,Front of Store,16.49,13.55,No,High,Seniors,Food,No,962
162808,End-cap,36.43,33.6,Yes,Low,Young adults,Electronics,No,775
114390,Front of Store,33,29.31,No,Low,Young adults,Clothing,No,2674
154882,Aisle,20.81,18.58,No,Low,College students,Food,Yes,889
148460,Aisle,20.89,17.37,No,Medium,College students,Food,Yes,1433
188481,Front of Store,29.43,28.15,Yes,High,Young adults,Electronics,No,1879
197435,Aisle,11.51,6.97,No,Medium,Young adults,Clothing,No,2270
157169,End-cap,22.77,22.64,No,Low,Young adults,Clothing,Yes,841
184945,Front of Store,47.52,43.76,Yes,Low,Families,Food,No,1220
140927,Aisle,46.55,44.71,No,Low,Young adults,Food,Yes,1745
174621,Aisle,26.66,26.54,No,Medium,Families,Clothing,Yes,680
137475,Front of Store,9.68,4.75,No,Low,College students,Food,Yes,2258
184176,Aisle,8.74,5.79,Yes,Medium,Families,Electronics,Yes,2278
149169,End-cap,37.42,36.79,Yes,Medium,College students,Electronics,No,2283
126549,Aisle,28.38,24.05,Yes,Low,College students,Electronics,Yes,2690
138995,Front of Store,43.32,42.81,No,High,Young adults,Electronics,No,541
110220,Front of Store,48.11,44.43,Yes,Low,Seniors,Electronics,Yes,660
133770,Front of Store,19.87,18.07,Yes,High,College students,Electronics,Yes,1978
165819,Front of Store,7.09,2.82,Yes,Medium,Families,Electronics,No,1801
191957,Front of Store,24.07,19.86,Yes,Medium,College students,Food,Yes,1199
178701,End-cap,20.04,15.24,No,Low,Young adults,Clothing,Yes,2921
181111,Front of Store,46.12,43.68,No,High,Families,Food,No,633
183252,Aisle,23.24,19.35,Yes,Medium,Young adults,Clothing,No,792
182755,End-cap,9.14,8.68,No,High,Young adults,Food,No,1380
143247,Aisle,35.4,33.28,No,Medium,Families,Clothing,Yes,2845
118346,Front of Store,49.68,46.58,No,High,Seniors,Clothing,Yes,2656
182563,Aisle,13.1,13,No,Low,Families,Clothing,Yes,2211
120300,End-cap,16.18,15.84,Yes,Low,Young adults,Food,Yes,2698
184596,Aisle,41.83,37.17,Yes,Low,Young adults,Clothing,No,2745
165690,End-cap,20.4,18.71,No,Low,College students,Food,Yes,2069
148366,End-cap,19.63,17.77,No,Medium,Seniors,Food,No,935
154931,Aisle,31.27,28.47,Yes,Medium,Families,Clothing,Yes,1514
129915,Front of Store,14.36,12.58,No,High,Seniors,Electronics,Yes,2302
129854,End-cap,13.36,12.36,No,Low,Families,Clothing,Yes,1864
196418,Aisle,39.11,35.48,Yes,Medium,Seniors,Food,Yes,1456
147140,Aisle,12.72,11.72,No,Low,Seniors,Food,Yes,2224
176622,End-cap,14.7,14.24,No,Low,Young adults,Electronics,No,2168
180566,Aisle,33.32,32.9,Yes,High,College students,Clothing,Yes,1897
124273,End-cap,44.99,44.48,Yes,High,Young adults,Food,Yes,2343
159902,Aisle,34.75,31.6,No,Medium,Seniors,Electronics,No,1889
163182,Aisle,43.05,41.66,No,Low,Seniors,Electronics,No,1390
121303,Front of Store,24.35,23.42,Yes,High,Young adults,Clothing,Yes,1130
162658,End-cap,11.56,8.61,No,Medium,Families,Electronics,Yes,1133
146858,Front of Store,47.72,46.78,No,Medium,College students,Food,Yes,565
174565,Aisle,21.3,18.71,Yes,High,Seniors,Electronics,No,890
160629,Aisle,22.82,19.13,No,Medium,Seniors,Electronics,Yes,2538
150654,End-cap,6.38,5.25,Yes,Medium,Young adults,Electronics,No,2884
